Возможность взятия;Обычный ход;Оценка хода
0,0011;0,001;0,0012
0,00330;0,00260;0,00440
0,00210;0,00120;0,00090
0,00310;0,00240;0,00290
0,00340;0,00250;0,00300
0,00300;0,00260;0,00270
0,00370;0,00290;0,00240
0,00310;0,00240;0,00250
0,00220;0,00180;0,00180
0,00320;0,00330;0,00320
0,00320;0,00010;0,00270
0,00250;0,00020;0,00280
0,00270;0,00190;0,00340
0,00250;0,00200;0,00300
0,00200;0,00190;0,00200
0,00230;0,00190;0,00350
0,00120;0,00010;0,00220
0,00070;0,00070;0,00120
0,00090;0,00070;0,00150
0,00180;0,00140;0,00210
0,00320;0,00210;0,00300
0,00300;0,00250;0,00230
0,00350;0,00030;0,00280
0,00310;0,00030;0,00380
0,00310;0,00210;0,00270
0,00380;0,00270;0,00280
0,00300;0,00220;0,00220
0,00330;0,00230;0,00210
0,00270;0,00170;0,00330
0,00160;0,00130;0,00280
0,00080;0,00110;0,00140
0,00190;0,00190;0,00260
0,00190;0,00180;0,00320
0,00130;0,00100;0,00140
0,00120;0,00080;0,00280
0,00120;0,00090;0,00190
0,00090;0,00210;0,00200
0,00230;0,00190;0,00160
0,00290;0,00250;0,00250
0,00180;0,00220;0,00250
0,00250;0,00270;0,00300
0,00250;0,00130;0,00180
0,00240;0,00170;0,00190
0,00310;0,00180;0,00180
0,00230;0,00140;0,00250
0,00270;0,00210;0,00230
0,00270;0,00020;0,00320
0,00230;0,00160;0,00240
0,00130;0,00130;0,00370
0,00140;0,00110;0,00380
0,00150;0,00140;0,00230
0,00210;0,00130;0,00400
0,00320;0,00260;0,00250
0,00300;0,00260;0,00230
0,00170;0,00150;0,00150
0,00310;0,00260;0,00240
0,00280;0,00020;0,00270
0,00080;0,00070;0,00220
0,00170;0,00130;0,00220
0,00230;0,00160;0,00280
0,00220;0,00190;0,00300
0,00200;0,00140;0,00280
0,00130;0,00110;0,00230
0,00140;0,00090;0,00170
0,00120;0,00070;0,00150
0,00200;0,00140;0,00200
0,03920;0,00250;0,00260
0,00240;0,00210;0,00200
0,00240;0,00180;0,00200
0,00280;0,00170;0,00190
0,00330;0,00030;0,00280
0,00190;0,00150;0,00180
0,00280;0,00210;0,00350
0,00380;0,00030;0,00300
0,00230;0,00140;0,00240
0,00320;0,00230;0,00330
0,00180;0,00170;0,00210
0,00130;0,00010;0,00220
0,00130;0,00110;0,00260
0,00130;0,00090;0,00190
0,00130;0,00080;0,00200
0,00140;0,00100;0,00270
0,00230;0,00190;0,00230
0,00380;0,00260;0,00140
0,00310;0,00010;0,00170
0,00300;0,00270;0,00340
0,00320;0,00240;0,00280
0,00240;0,00010;0,00270
0,00220;0,00170;0,00380
0,00270;0,00150;0,00350
0,00290;0,00160;0,00410
0,00210;0,00010;0,00270
0,00210;0,00150;0,00200
0,00230;0,00160;0,00320
0,00210;0,00150;0,00340
0,00150;0,00190;0,00340
0,00190;0,00140;0,00340
0,00160;0,00130;0,00300
0,00270;0,00230;0,00280
0,00330;0,00250;0,00360
0,00290;0,00010;0,00270
0,00300;0,00030;0,00320
0,00340;0,00260;0,00220
0,00260;0,00160;0,00220
0,00220;0,00020;0,00240
0,00250;0,00220;0,00260
0,00200;0,00150;0,00290
0,00200;0,00190;0,00320
0,00230;0,00170;0,00320
0,00250;0,00220;0,00320
0,00270;0,00190;0,00360
0,00230;0,00160;0,00340
0,00180;0,00130;0,00200
0,00140;0,00150;0,00250
0,00140;0,00120;0,00160
0,00150;0,00130;0,00290
0,00140;0,00010;0,00260
0,00150;0,00090;0,00270
0,00150;0,00110;0,00280
0,00160;0,00210;0,00250
0,00290;0,00020;0,00300
0,00330;0,00300;0,00360
0,00320;0,00230;0,00250
0,00340;0,00010;0,00380
0,00300;0,00270;0,00300
0,00250;0,00230;0,00320
0,00190;0,00160;0,00280
0,00160;0,00140;0,00420
0,00200;0,00180;0,00270
0,00180;0,00190;0,00300
0,00190;0,00140;0,00300
0,00140;0,00120;0,00190
0,00220;0,00170;0,00280
0,00190;0,00110;0,00230
0,00270;0,00220;0,00280
0,00390;0,00290;0,00300
0,00380;0,00280;0,00340
0,00350;0,00330;0,00380
0,00290;0,00220;0,00290
0,00320;0,00260;0,00290
0,00270;0,00210;0,00230
0,00330;0,00240;0,00250
0,00320;0,00270;0,00250
0,00350;0,00020;0,00360
0,00290;0,00170;0,00210
0,00330;0,00290;0,00260
0,00140;0,00120;0,00140
0,00240;0,00180;0,00200
0,00300;0,00220;0,00270
0,00230;0,00190;0,00210
0,00240;0,00170;0,00300
0,00170;0,00130;0,00290
0,00150;0,00120;0,00250
0,00290;0,00220;0,00350
0,00280;0,00260;0,00300
0,00340;0,00250;0,00300
0,00350;0,00260;0,00220
0,00380;0,00300;0,00300
0,00390;0,00280;0,00320
0,00290;0,00210;0,00280
0,00320;0,00030;0,00260
0,00310;0,00250;0,00220
0,00180;0,00150;0,00190
0,00370;0,00250;0,00300
0,00280;0,00210;0,00320
0,00370;0,00020;0,00400
0,00300;0,00260;0,00240
0,00280;0,00260;0,00300
0,00280;0,00010;0,00320
0,00260;0,00190;0,00240
0,00180;0,00180;0,00300
0,00220;0,00010;0,00420
0,00230;0,00160;0,00230
0,00250;0,00170;0,00240
0,00240;0,00200;0,00330
0,00170;0,00140;0,00230
0,00220;0,00170;0,00240
0,00230;0,00030;0,00330
0,00210;0,00180;0,00310
0,00160;0,00120;0,00220
0,00140;0,00110;0,00270
0,00270;0,00230;0,00280
0,00280;0,00020;0,00380
0,00290;0,00280;0,00170
0,00350;0,00240;0,00290
0,00320;0,00230;0,00340
0,00390;0,00050;0,00330
0,00300;0,00020;0,00310
0,00350;0,00230;0,00390
0,00300;0,00270;0,00350
0,00190;0,00170;0,00170
0,00270;0,00300;0,00370
0,00310;0,00210;0,00250
0,00270;0,00180;0,00260
0,00870;0,00020;0,00260
0,00240;0,00200;0,00300
0,00240;0,00230;0,00360
0,00180;0,00160;0,00300
0,00190;0,00160;0,00340
0,00220;0,00170;0,00190
0,00260;0,00030;0,00420
0,00370;0,00280;0,00240
0,00300;0,00290;0,00270
0,00350;0,00280;0,00340
0,00320;0,00270;0,00430
0,00240;0,00020;0,00330
0,00230;0,00180;0,00280
0,00250;0,00220;0,00310
0,00230;0,00230;0,00350
0,00200;0,00170;0,00310
0,00250;0,00170;0,00460
0,00200;0,00160;0,00190
0,00190;0,00140;0,00290
0,00160;0,00120;0,00380
0,00150;0,00120;0,00240
0,00340;0,00230;0,00250
0,00320;0,00250;0,00310
0,00210;0,00170;0,00200
0,00280;0,00010;0,00310
0,00230;0,00000;0,00240
0,00350;0,00020;7,92910
0,00260;0,00190;0,00260
0,00300;0,00250;0,00270
0,00260;0,00200;0,00320
0,00270;0,00270;0,00220
0,00260;0,00280;0,00300
0,00270;0,00200;0,00340
0,00260;0,00190;0,00220
0,00250;0,00200;0,00280
0,00160;0,00120;0,00230
0,00140;0,00130;0,00690
0,00170;0,00140;0,00270
0,00050;0,00080;0,00230
0,00130;0,00080;0,00250
0,00270;0,00220;0,00290
0,00230;0,00160;0,00220
0,00390;0,00020;0,00260
0,00370;0,00350;0,00280
0,00370;0,00310;0,00230
0,00320;0,00240;0,00260
0,00340;0,00280;0,00340
0,00400;0,00300;0,00290
0,00250;0,00010;0,00250
0,00410;0,00280;0,00310
0,00370;0,00280;0,00240
0,00120;0,00000;0,00100
0,00160;0,00010;2,73840
0,00310;0,00230;0,00210
0,00380;0,00280;0,00220
0,00420;0,00300;0,00300
0,00320;0,00230;0,00250
0,00270;0,00010;0,00200
0,00390;0,00220;0,00320
0,00310;0,00200;0,00260
0,00220;0,00170;0,00300
0,00150;0,00090;0,00210
0,00210;0,00150;0,00260
0,00160;0,00160;0,00410
0,00140;0,00020;0,00310
0,00060;0,00030;0,00130
0,00220;0,00160;0,00240
0,00270;0,00240;0,00380
0,00360;0,00270;0,00290
0,00110;0,00100;0,00130
0,00360;0,00010;0,00320
0,00330;0,00280;0,00310
0,00310;0,00240;0,00320
0,00170;0,00120;0,00200
0,00290;0,00010;0,00290
0,00300;0,00230;0,00280
0,00220;0,00190;0,00170
0,00340;0,00310;0,00340
0,00290;0,00240;0,00290
0,00190;0,00170;0,00200
0,00170;0,00000;0,00170
0,00210;0,00140;0,00210
0,00200;0,00620;0,00280
0,00210;0,00170;0,00300
0,00140;0,00120;0,00160
0,00120;0,00120;0,00240
0,00100;0,00130;0,00280
0,00370;0,00260;0,00320
0,00460;0,00040;0,00240
0,00280;0,00230;0,00260
0,00270;0,00020;0,00210
0,00290;0,00330;0,00380
0,00230;0,00170;0,00150
0,00350;0,00250;0,00330
0,00300;0,00270;0,00290
0,00320;0,00210;0,00400
0,00270;0,00030;0,00260
0,00300;0,00230;0,00290
0,00200;0,00010;0,00200
0,00180;0,00150;0,00160
0,00300;0,00220;0,00250
0,00290;0,00200;0,00310
0,00260;0,00200;0,00270
0,00280;0,00210;0,00210
0,00210;0,00180;0,00240
0,00210;0,00150;0,00230
0,00150;0,00130;0,00190
0,00210;0,00150;0,00190
0,00210;0,00210;0,00300
0,00260;0,00170;0,00210
0,00170;0,00120;0,00230
0,00160;0,00110;0,00200
0,00220;0,00170;0,00180
0,00320;0,00260;0,00340
0,00300;0,00220;0,00260
0,00100;0,00080;0,00220
0,00100;0,00080;0,00170
0,00350;0,00270;0,00310
0,00300;0,00240;0,00110
0,00420;0,00020;7,47350
0,00340;0,00220;0,00200
0,00320;0,00260;0,00340
0,00340;0,00010;0,00280
0,00330;0,00300;0,00250
0,00320;0,00270;0,00220
0,00320;0,00250;0,00330
0,00110;0,00090;0,00170
0,00290;0,00260;0,00240
0,00310;0,00020;0,00300
0,00350;0,00040;0,00270
0,00260;0,00210;0,00200
0,00250;0,00230;0,00400
0,00280;0,00160;0,00240
0,00200;0,00160;0,00170
0,00360;0,00230;0,00200
0,00110;0,00100;0,00150
0,00330;0,00010;0,00270
0,00320;0,00260;0,00270
0,00390;0,00290;0,00290
0,00360;0,00020;0,00360
0,00120;0,00080;0,00130
0,00350;0,00250;0,00110
0,00220;0,00190;0,00170
0,00320;0,00220;0,00230
0,00240;0,00200;0,00250
0,00260;0,00170;0,00210
0,00190;0,00180;0,00350
0,00190;0,00140;0,00310
0,00100;0,00100;0,00210
0,00170;0,00150;0,00300
0,00140;0,00120;0,00130
0,00320;0,00280;0,00240
0,00220;0,00160;0,00300
0,00320;0,00230;0,00240
0,00370;0,00240;0,00190
0,00200;0,00170;0,00150
0,00290;0,00210;0,00320
0,00260;0,00010;0,00290
0,00240;0,00190;0,00230
0,00290;0,00220;0,00310
0,00290;0,00210;0,00350
0,00240;0,00210;0,00310
0,00220;0,00290;0,00280
0,00330;0,00230;0,00260
0,00230;0,00200;0,00240
0,00200;0,00190;0,00250
0,00130;0,00130;0,00320
0,00350;0,00220;0,00240
0,00320;0,00280;0,00240
0,00340;0,00270;0,00250
0,00300;0,00250;0,00320
0,00240;0,00000;0,00100
0,00250;0,00020;5,94180
0,00380;0,00290;0,00270
0,00360;0,00250;0,00290
0,00340;0,00270;0,00290
0,00380;0,00250;0,00320
0,00240;0,00190;0,00210
0,00320;0,00300;0,00300
0,00330;0,00020;0,00350
0,00200;0,00190;0,00180
0,00240;0,00260;0,00250
0,00290;0,00250;0,00260
0,00210;0,00170;0,00250
0,00270;0,00170;0,00230
0,00240;0,00190;0,00290
0,00210;0,00160;0,00220
0,00120;0,00110;0,00170
0,00220;0,00190;0,00300
0,00370;0,00250;0,00370
0,00320;0,00280;0,00230
0,00360;0,00260;0,00240
0,00350;0,00240;0,00280
0,00410;0,00270;0,00300
0,00270;0,00210;0,00230
0,00420;0,00360;0,00210
0,00230;0,00000;0,00260
0,00310;0,00010;0,00310
0,00310;0,00250;0,00300
0,00270;0,00230;0,00250
0,00090;0,00060;0,00100
0,00220;0,00160;0,00210
0,00150;0,00130;0,00330
0,00150;0,00120;0,00350
0,00140;0,00110;0,00300
0,00300;0,00220;0,00200
0,00350;0,00250;0,00250
0,00280;0,00260;0,00280
0,00270;0,00010;0,00290
0,00190;0,00150;0,00160
0,00300;0,00010;0,00250
0,00130;0,00170;0,00250
0,00100;0,00080;0,00130
0,00230;0,00210;0,00260
0,00250;0,00210;0,00220
0,00220;0,00180;0,00230
0,00210;0,00170;0,00250
0,00220;0,00020;0,00330
0,00200;0,00170;0,00370
0,00130;0,00020;0,00280
0,00170;0,00130;0,00280
0,00150;0,00150;0,00230
0,00220;0,00180;0,00250
0,00190;0,00170;0,00280
0,00150;0,00100;0,00260
0,00140;0,00100;0,00190
0,00120;0,00130;0,00290
0,00150;0,00110;0,00210
0,00240;0,00160;0,00180
0,00280;0,00020;0,00360
0,00320;0,00280;0,00260
0,00300;0,00250;0,00280
0,00350;0,00290;0,00310
0,00340;0,00290;0,00230
0,00290;0,00200;0,00220
0,00320;0,00220;0,00310
0,00270;0,00010;0,00290
0,00380;0,00290;0,00280
0,00330;0,00300;0,00360
0,00110;0,00070;0,00160
0,00240;0,00190;0,00420
0,00220;0,00160;0,00210
0,00230;0,00220;0,00270
0,00210;0,00180;0,00320
0,00200;0,00140;0,00190
0,00160;0,00020;0,00240
0,00130;0,00110;0,00340
0,00050;0,00060;0,00130
0,00160;0,00120;0,00380
0,00180;0,00150;0,00180
0,00360;0,00310;0,00320
0,00360;0,00020;0,00340
0,00340;0,00230;0,00220
0,00370;0,00280;0,00320
0,00280;0,00290;0,00280
0,00320;0,00240;0,00230
0,00300;0,00240;0,00300
0,00240;0,00240;0,00260
0,00260;0,00010;0,00390
0,00320;0,00230;0,00300
0,00220;0,00180;0,00240
0,00200;0,00150;0,00390
0,00240;0,00130;0,00330
0,00160;0,00140;0,00300
0,00170;0,00140;0,00290
0,00190;0,00170;0,00330
0,00140;0,00110;0,00280
0,00320;0,00220;0,00300
0,00360;0,00040;0,00350
0,00290;0,00290;0,00360
0,00110;0,00120;0,00140
0,00380;0,00010;0,00310
0,00190;0,00180;0,00280
0,00280;0,00200;0,00200
0,00340;0,00210;0,00250
0,00320;0,00280;0,00320
0,00250;0,00180;0,00290
0,00270;0,00210;0,00270
0,00310;0,00240;0,00590
0,00170;0,00080;0,00130
0,00280;0,00020;0,00340
0,00230;0,00190;0,00240
0,00210;0,00170;0,00260
0,00150;0,00040;0,00370
0,00210;0,00190;0,00300
0,00120;0,00060;0,00150
0,00260;0,00190;0,00240
0,00210;0,00150;0,00210
0,00140;0,00080;0,00160
0,00180;0,00140;0,00190
0,00290;0,00210;0,00270
0,00260;0,00190;0,00180
0,00330;0,00260;0,00230
0,00300;0,00030;0,00240
0,00320;0,00030;16,76490
0,00350;0,00270;0,00310
0,00310;0,00030;0,00470
0,00350;0,00240;0,00260
0,00340;0,00230;0,00330
0,00280;0,00240;0,00300
0,00340;0,00250;0,00220
0,00300;0,00210;0,00320
0,00250;0,00220;0,00290
0,00300;0,00260;0,00450
0,00260;0,00170;0,00210
0,00270;0,00180;0,00220
0,00170;0,00030;0,00370
0,00210;0,00090;0,00310
0,00100;0,00090;0,00260
0,00150;0,00100;0,00260
0,00120;0,00080;0,00110
0,00250;0,00090;0,00110
0,00110;0,00010;0,00190
0,00140;0,00190;0,00310
0,00310;0,00240;0,00420
0,00350;0,00020;0,00430
0,00340;0,00030;0,00450
0,00300;0,00210;0,00270
0,00220;0,00090;0,00420
0,00320;0,00010;0,00360
0,00150;0,00250;0,00270
0,00270;0,00210;0,00270
0,00110;0,00110;0,00190
0,00230;0,00220;0,00220
0,00150;0,00010;0,00210
0,00370;0,00010;0,00480
0,00350;0,00100;0,00440
0,00270;0,00980;0,00340
0,00390;0,00040;0,00380
0,00430;0,00020;0,00450
0,00370;0,00020;0,00280
0,00250;0,00010;0,00940
0,00380;0,00010;0,00250
0,00290;0,00230;0,00250
0,00350;0,00260;0,00310
0,00370;0,00330;0,00300
0,00350;0,00290;0,00340
0,00120;0,00080;0,00170
0,00430;0,00310;0,00320
0,00310;0,00300;0,00240
0,00210;0,00180;0,00170
0,00540;0,00270;0,00310
0,00400;0,00290;0,00270
0,00260;0,00250;0,00270
0,00400;0,00030;0,00390
0,00370;0,00300;0,00260
0,00380;0,00320;0,00290
0,00250;0,00010;0,00180
0,00360;0,00280;0,00220
0,00250;0,00260;0,00280
0,00240;0,00230;0,00310
0,00290;0,00190;0,00300
0,00210;0,00150;0,00180
0,00170;0,00010;0,00490
0,00220;0,00170;0,00270
0,00130;0,00010;0,00230
0,00170;0,00020;6,41270
0,00110;0,00010;13,87290
0,00120;0,00010;24,28140
0,00300;0,00010;0,00400
0,00120;0,00140;0,00320
0,00180;0,00180;0,00250
0,00150;0,00130;0,00210
0,00220;0,00120;0,00220
0,00160;0,00110;0,00270
0,00120;0,00100;0,00280
0,00160;0,00140;0,00410
0,00170;0,00120;0,00230
0,00120;0,00070;0,00180
0,00150;0,00150;0,00270
0,00160;0,00150;0,00330
0,00180;0,00160;0,00300
0,00300;0,00220;0,00320
0,00360;0,00270;0,00250
0,00330;0,00270;0,00290
0,00330;0,00250;0,00230
0,00240;0,00010;0,00290
0,00410;0,00340;0,00290
0,00120;0,00130;0,00140
0,00260;0,00210;0,00190
0,00330;0,00250;0,00270
0,00230;0,00010;0,00310
0,00330;0,00290;0,00350
0,00300;0,00320;0,00290
0,00300;0,00290;0,00210
0,00210;0,00230;0,00220
0,00200;0,00070;0,00110
0,00170;0,00180;0,00320
0,00150;0,00130;0,00270
0,00180;0,00170;0,00330
0,00130;0,00120;0,00250
0,00330;0,00280;0,00150
0,00330;0,00290;0,00270
0,00340;0,00230;0,00250
0,00340;0,00280;0,00290
0,00350;0,00260;0,00310
0,00420;0,00320;0,00340
0,00380;0,00010;0,00280
0,00300;0,00260;0,00190
0,00310;0,00200;0,00330
0,00260;0,00200;0,00200
0,00360;0,00030;0,00290
0,00340;0,00280;0,00380
0,00220;0,00210;0,00210
0,00350;0,00290;0,00280
0,00330;0,00230;0,00230
0,00210;0,00150;0,00190
0,00330;0,00020;0,00370
0,00290;0,00220;0,00240
0,00130;0,00120;0,00160
0,00210;0,00200;0,00370
0,00210;0,00120;0,00310
0,00160;0,00120;0,00270
0,00110;0,00100;0,00320
0,00160;0,00140;0,00210
0,00310;0,00210;0,00200
0,00280;0,00260;0,00280
0,00200;0,00010;0,00340
0,00870;0,00340;0,00320
0,00340;0,00260;0,00400
0,00240;0,00190;0,00250
0,00310;0,00270;0,00290
0,00320;0,00240;0,00460
0,00300;0,00240;0,00310
0,00740;0,00010;0,00310
0,00320;0,00220;0,00270
0,00220;0,00180;0,00220
0,00190;0,00120;0,00300
0,00190;0,00180;0,00380
0,00230;0,00160;0,00300
0,00170;0,00130;0,00250
0,00090;0,00090;0,00180
0,00300;0,00250;0,00230
0,00220;0,00250;0,00400
0,00340;0,00310;0,00280
0,00330;0,00240;0,00180
0,00360;0,00010;0,00290
0,00350;0,00340;0,00330
0,00100;0,00000;0,00040
0,00110;0,00010;4,94630
0,00340;0,00040;0,00340
0,00210;0,00180;0,00220
0,00130;0,00150;0,00290
0,00260;0,00230;0,00420
0,00290;0,00260;0,00310
0,00350;0,00260;0,00260
0,00260;0,00270;0,00260
0,00280;0,00200;0,00350
0,00190;0,00190;0,00280
0,00180;0,00120;0,00200
0,00220;0,00150;0,00240
0,00220;0,00160;0,00220
0,00310;0,00250;0,00240
0,00360;0,00260;0,00280
0,00320;0,00240;0,00290
0,00310;0,00230;0,00350
0,00330;0,00320;0,00280
0,00220;0,00020;0,00280
0,00410;0,00250;0,00270
0,00090;0,00080;0,00150
0,00380;0,00290;0,00290
0,00260;0,00000;0,00340
0,00300;0,00210;0,00280
0,00220;0,00170;0,00210
0,00290;0,00250;0,00260
0,00340;0,00220;0,00270
0,00320;0,00290;0,00460
0,00320;0,00230;0,00270
0,00340;0,00020;0,00450
0,00260;0,00210;0,00220
0,00260;0,00020;0,00340
0,00240;0,00040;8,18480
0,00210;0,00120;0,00210
0,00150;0,00130;0,00220
0,00140;0,00130;0,00340
0,00290;0,00250;0,00210
0,00330;0,00290;0,00340
0,00380;0,00280;0,00230
0,00100;0,00090;0,00250
0,00390;0,00020;0,00420
0,00180;0,00110;0,00120
0,00390;0,00360;0,00320
0,00390;0,00290;0,00250
0,00370;0,00020;0,00350
0,00280;0,00010;0,00200
0,00400;0,00020;6,41710
0,00320;0,00280;0,00350
0,00110;0,00010;0,00180
0,00240;0,00020;5,32510
0,00250;0,00180;0,00200
0,00330;0,00010;0,00370
0,00110;0,00010;0,00140
0,00130;0,00130;0,00270
0,00230;0,00140;0,00180
0,00190;0,00140;0,00240
0,00230;0,00200;0,00330
0,00280;0,00200;0,00200
0,00240;0,00150;0,00190
0,00210;0,00020;0,00370
0,00250;0,00220;0,00270
0,00210;0,00170;0,00290
0,00270;0,00170;0,00290
0,00230;0,00170;0,00370
0,00150;0,00120;0,04010
0,00330;0,00240;0,00260
0,00140;0,00080;0,00160
0,00330;0,00250;0,00300
0,00300;0,00240;0,00270
0,00280;0,00260;0,00230
0,00230;0,00210;0,00270
0,00310;0,00260;0,01000
0,00340;0,00230;0,00290
0,00290;0,00210;0,00290
0,00290;0,00020;0,00240
0,00320;0,00020;5,56690
0,00240;0,00210;0,00290
0,00250;0,00210;0,00200
0,00280;0,00220;0,00320
0,00210;0,00150;0,00380
0,00170;0,00020;0,00190
0,00210;0,00020;6,11180
0,00190;0,00130;0,00330
0,00100;0,00090;0,00160
0,00300;0,00230;0,00180
0,00320;0,00030;0,00290
0,00340;0,00280;0,00240
0,00340;0,00270;0,00250
0,00210;0,00030;0,00470
0,00390;0,00030;0,00320
0,00260;0,00220;0,00300
0,00320;0,00280;0,00290
0,00310;0,00260;0,00300
0,00290;0,00230;0,00270
0,00260;0,00200;0,00210
0,00130;0,00120;0,00240
0,00210;0,00170;0,00280
0,00250;0,00190;0,00310
0,00230;0,00190;0,00300
0,00200;0,00150;0,00310
0,00180;0,00140;0,00280
0,00110;0,00090;0,00190
0,00220;0,00190;0,00240
0,00350;0,00230;0,00220
0,00360;0,00020;0,00350
0,00350;0,00280;0,00310
0,00340;0,00300;0,00300
0,00330;0,00010;0,00280
0,00240;0,00010;0,00330
0,00210;0,00240;0,00320
0,00280;0,00230;0,00310
0,00290;0,00270;0,00290
0,00240;0,00180;0,00240
0,00240;0,00160;0,00290
0,00210;0,00160;0,00350
0,00150;0,00170;0,00350
0,00130;0,00100;0,00270
0,00230;0,00220;0,00310
0,00360;0,00290;0,00340
0,00330;0,00240;0,00290
0,00430;0,00360;0,00340
0,00370;0,00300;0,00270
0,00420;0,00330;0,00230
0,00310;0,00240;0,00310
0,00400;0,00020;0,00300
0,00310;0,00250;0,00300
0,00310;0,00220;0,00280
0,00320;0,00280;0,00260
0,00220;0,00260;0,00260
0,00870;0,00030;0,00370
0,00110;0,00070;0,00100
0,00240;0,00230;0,00240
0,00210;0,00190;0,00250
0,00230;0,00200;0,00290
0,00110;0,00000;0,00170
0,00180;0,00010;4,80260
0,00170;0,00010;12,07630
0,00150;0,00010;22,11870
0,00230;0,00020;28,94000
0,00250;0,00190;0,00360
0,00260;0,00170;0,00290
0,00270;0,00220;0,00320
0,00250;0,00190;0,00220
0,00190;0,00150;0,00170
0,00170;0,00130;0,00190
0,00170;0,00120;0,00290
0,00210;0,00140;0,00200
0,00410;0,00310;0,00270
0,00330;0,00280;0,00250
0,00400;0,00010;0,00340
0,00240;0,00150;0,00240
0,00390;0,00020;0,00430
0,00400;0,00050;0,00350
0,00310;0,00310;0,00370
0,00280;0,00220;0,00240
0,00290;0,00230;0,00300
0,00300;0,00150;0,00190
0,00340;0,00220;0,00270
0,00370;0,00270;0,00320
0,00250;0,00240;0,00300
0,00240;0,00200;0,00480
0,00930;0,00160;0,00250
0,00110;0,00100;0,00240
0,00210;0,00120;0,00220
0,00190;0,00140;0,00240
0,00110;0,00070;0,00160
0,00330;0,00020;0,00330
0,00310;0,00250;0,00260
0,00290;0,00220;0,00280
0,00300;0,00000;0,00250
0,00310;0,00160;0,00230
0,00380;0,00250;0,00280
0,00170;0,00150;0,00220
0,00210;0,00210;0,00200
0,00270;0,00240;0,00220
0,00270;0,00240;0,00260
0,00280;0,00010;0,00320
0,00250;0,00230;0,00240
0,00240;0,00180;0,00350
0,00210;0,00210;0,00270
0,00250;0,00180;0,00310
0,00190;0,00200;0,00270
0,00200;0,00160;0,00300
0,00190;0,00020;0,00300
0,00100;0,00100;0,00320
0,00240;0,00220;0,00220
0,00320;0,00250;0,00250
0,00330;0,00020;0,00300
0,00100;0,00100;0,00190
0,00300;0,00280;0,00250
0,00320;0,00310;0,00300
0,00310;0,00240;0,00230
0,00100;0,00110;0,00110
0,00220;0,00020;0,00320
0,00290;0,00210;0,00260
0,00120;0,00000;0,00280
0,00300;0,00260;0,00200
0,00280;0,00220;0,00270
0,00270;0,00260;0,00290
0,00290;0,00210;0,00330
0,00270;0,00230;0,00280
0,00250;0,00190;0,00360
0,00220;0,00010;0,00300
0,00220;0,00130;0,00340
0,00180;0,00020;0,00320
0,00180;0,00160;0,00260
0,00180;0,00130;0,00310
0,00170;0,00190;0,00300
0,00200;0,00140;0,00220
0,00110;0,00080;0,00370
0,00160;0,00140;0,00310
0,00210;0,00160;0,00200
0,00340;0,00260;0,00330
0,00380;0,00320;0,00220
0,00240;0,00020;0,00280
0,00330;0,00290;0,00360
0,00210;0,00180;0,00160
0,00170;0,00090;0,00230
0,00360;0,00330;0,00370
0,00310;0,00030;0,00320
0,00270;0,00310;0,00240
0,00340;0,00250;0,00350
0,00300;0,00240;0,00270
0,00360;0,00340;0,00280
0,00330;0,00230;0,00260
0,00350;0,00270;0,00290
0,00270;0,00300;0,00240
0,00250;0,00190;0,00210
0,00230;0,00010;0,00280
0,00270;0,00180;0,00250
0,00190;0,00160;0,00270
0,00170;0,00140;0,00330
0,00060;0,00050;0,00100
0,00080;0,00040;0,00110
0,00120;0,00060;0,00140
0,00300;0,00110;0,00210
0,00300;0,00240;0,00270
0,00300;0,00030;0,00280
0,00240;0,00200;0,00290
0,00340;0,00270;0,00310
0,00100;0,00070;0,00160
0,00230;0,00170;0,00210
0,00330;0,00260;0,00320
0,00220;0,00200;0,00210
0,00170;0,00160;0,00200
0,00260;0,00260;0,00230
0,00240;0,00210;0,00240
0,00160;0,00170;0,00260
0,00200;0,00020;0,00340
0,00220;0,00190;0,00220
0,00160;0,00120;0,00210
0,00160;0,00160;0,00250
0,00280;0,00240;0,00180
0,00320;0,00270;0,00320
0,00280;0,00010;0,00320
0,00220;0,00150;0,00180
0,00280;0,00030;0,00350
0,00290;0,00200;0,00340
0,00320;0,00270;0,00350
0,00300;0,00190;0,00340
0,00310;0,00320;0,00320
0,00260;0,00200;0,00240
0,00260;0,00210;0,00210
0,00250;0,00030;0,00380
0,00090;0,00070;0,00140
0,00250;0,00200;0,00290
0,00180;0,00190;0,00310
0,00160;0,00130;0,00240
0,00220;0,00170;0,00320
0,00140;0,00110;0,00230
0,00100;0,00070;0,00170
0,00340;0,00240;0,00290
0,00290;0,00230;0,00270
0,00350;0,00240;0,01420
0,00370;0,00270;0,00220
0,00340;0,00240;0,00370
0,00320;0,00020;0,00330
0,00270;0,00240;0,00260
0,00310;0,00190;0,00290
0,00300;0,00260;0,00220
0,00210;0,00180;0,00290
0,00230;0,00210;0,00220
0,00170;0,00190;0,00250
0,00180;0,00150;0,00190
0,00270;0,00150;0,00190
0,00230;0,00170;0,00240
0,00270;0,00240;0,00230
0,00330;0,00240;0,00260
0,00320;0,00350;0,00340
0,00320;0,00020;0,00330
0,00350;0,00240;0,00280
0,00110;0,00010;0,00110
0,00280;0,00260;0,00290
0,00380;0,00270;0,00290
0,00200;0,00200;0,00230
0,00380;0,00300;0,00320
0,00280;0,00280;0,00270
0,00360;0,00280;0,00240
0,00280;0,00250;0,00250
0,00240;0,00210;0,00230
0,00220;0,00230;0,00230
0,00160;0,00170;0,00240
0,00180;0,00170;0,00230
0,00090;0,00190;0,00310
0,00240;0,00180;0,00290
0,00140;0,00110;0,00280
0,00300;0,00190;0,00170
0,00230;0,00220;0,00210
0,00300;0,00240;0,00270
0,00340;0,00250;0,00260
0,00350;0,00030;0,00330
0,00360;0,00280;0,00230
0,00210;0,00160;0,00160
0,00380;0,00310;0,00250
0,00180;0,00150;0,00180
0,00330;0,00310;0,00210
0,00210;0,00190;0,00190
0,00240;0,00200;0,00300
0,00080;0,00060;0,00330
0,00170;0,00130;0,00300
0,00160;0,00140;0,00220
0,00130;0,00100;0,00270
0,00110;0,00080;0,00100
0,00180;0,00140;0,00160
0,00350;0,00270;0,00220
0,00340;0,00330;0,00210
0,00200;0,00160;0,00140
0,00340;0,00270;0,00270
0,00410;0,00310;0,00280
0,00200;0,00140;0,00190
0,00320;0,00260;0,00250
0,00290;0,00220;0,00380
0,00390;0,00130;0,00240
0,00200;0,00230;0,00320
0,00210;0,00140;0,00240
0,00190;0,00130;0,00280
0,00180;0,00140;0,00250
0,00140;0,00080;0,00270
0,00090;0,00090;0,00080
0,00330;0,00270;0,00380
0,00270;0,00220;0,00270
0,00170;0,00140;0,00190
0,00330;0,00270;0,00280
0,00380;0,00270;0,00290
0,00200;0,00010;0,00200
0,00980;0,00010;5,52560
0,00380;0,00270;0,00320
0,00260;0,00220;0,00250
0,00340;0,00300;0,00240
0,00310;0,00200;0,00310
0,00230;0,00020;0,00290
0,00320;0,00010;8,14790
0,00300;0,00250;0,00350
0,00120;0,00000;0,00430
0,00490;0,00230;0,00280
0,00270;0,00240;0,00250
0,00250;0,00020;0,00290
0,00240;0,00200;0,00260
0,00270;0,00190;0,00230
0,00260;0,00210;0,00250
0,00250;0,00190;0,00270
0,00200;0,00160;0,00290
0,00240;0,00190;0,00210
0,00210;0,00180;0,00270
0,00200;0,00190;0,00320
0,00160;0,00170;0,00270
0,00170;0,00110;0,00250
0,00160;0,00100;0,00360
0,00310;0,00280;0,00220
0,00390;0,00270;0,00260
0,00400;0,00340;0,00300
0,00120;0,00070;0,00190
0,00330;0,00250;0,00220
0,00360;0,00340;0,00330
0,00340;0,00040;0,00320
0,00350;0,00010;0,00420
0,00310;0,00240;0,00240
0,00370;0,00290;0,00310
0,00280;0,00140;0,00300
0,00330;0,00250;0,00300
0,00280;0,00020;0,00330
0,00150;0,00140;0,00240
0,00210;0,00160;0,00260
0,00200;0,00130;0,00320
0,00120;0,00110;0,00330
